"Spectrum Tag","Spectrum#","Peak#","Intensity","Substance.Mass","Signal/Noise","MZ","MZArea","MZResolution","MZWidthAtHH"
"W924A-QC NAF",1,1,42.9855203572,4070.7676575840,43.1020949238,4071.7749340480,656.3305259148,349.8824242810,11.6375520789
"W924A-QC NAF",1,2,15.2862357902,4203.1075736642,15.8305035856,4204.1148501282,389.2156405846,274.2198798283,15.3311818704
"W924A-QC NAF",1,3,5.9940197825,5159.2491149642,7.9940515174,5160.2563914282,129.7464274856,214.0280770730,24.1101843365
"W924A-QC NAF",1,4,2.4580474054,7534.2297683768,8.5855565954,7535.2370448408,131.5833866618,35.8691960015,210.0754375574
"W924A-QC NAF",1,5,0.7931166721,13679.5098829793,14.2196086834,13680.5171594433,255.4813468711,87.5032974781,156.3428756826
"W924A-QC NAF",1,6,2.5595312314,15155.7693418622,51.9977432068,15156.7766183262,1632.4962250076,28.3995201844,533.6983343346
"W924A-QC NAF",1,7,2.2069846572,15874.5756221380,47.8239168620,15875.5828986020,389.6993267957,142.3646242541,111.5135377330
"W924A-QC NAF",1,8,2.2134820217,16085.4395827640,48.9069865672,16086.4468592280,1848.7822787881,14.7386710891,1091.4448637886
"W924A-QC NAF",1,9,0.3877425864,22231.0761269657,21.4416144617,22232.0834034297,425.3184361910,35.0214135301,634.8139941379
"W924B-QCNAF",2,1,50.8004919255,4071.5002241702,51.8162172344,4072.5075006342,799.2177883558,337.7823658678,12.0566018601
"W924B-QCNAF",2,2,11.9763300196,4129.7304857194,12.4439569589,4130.7377621834,241.3578266280,248.4223105035,16.6278856106
"W924B-QCNAF",2,3,21.0346550975,4204.0799951860,22.3857147000,4205.0872716500,500.6078710473,314.9621946397,13.3510857595
"W924B-QCNAF",2,4,6.5259032173,5159.8165835769,9.8485550463,5160.8238600409,163.4867215280,220.7735562840,23.3760960638
"W924B-QCNAF",2,5,2.7757505097,6519.3067904074,8.9934118616,6520.3140668714,93.6350883708,231.8811179288,28.1192109350
"W924B-QCNAF",2,6,1.9098349478,6937.3344086239,8.0126011962,6938.3416850879,92.2384768422,147.0356159650,47.1881702916
"W924B-QCNAF",2,7,2.1920366970,7535.5171561410,10.0152734110,7536.5244326050,130.6116573402,51.3968597408,146.6339474944
"W924B-QCNAF",2,8,1.7397075256,8793.2358931713,9.6522142916,8794.2431696353,145.4628694243,150.1189637586,58.5818270354
"W924B-QCNAF",2,9,0.4746403244,11642.5198912282,6.8821888744,11643.5271676922,84.6571390000,185.7786725466,62.6741864827
"W924B-QCNAF",2,10,0.7928188353,13680.4464686057,18.8001231143,13681.4537450697,301.1066581984,81.8705464606,167.1108150188
"W924B-QCNAF",2,11,2.2282167765,15144.9167243599,61.8098387406,15145.9240008239,1334.0397001234,21.5791191399,701.8786959100
"W924B-QCNAF",2,12,1.6822138453,15878.5932378678,50.8326025528,15879.6005143318,1561.1863339712,12.0872371798,1313.7493935230
"W924B-QCNAF",2,13,0.6212567157,22225.1184452440,37.8591225920,22226.1257217080,739.1225416130,31.8284477299,698.3100750089
"W953A-QC NAF",3,1,32.4296175229,4070.8057382708,30.8404261349,4071.8130147348,474.8046642162,358.5692500668,11.3557228178
"W953A-QC NAF",3,2,9.5311876379,4202.7507828318,9.3518638061,4203.7580592958,182.6712037058,282.7089774005,14.8695598490
"W953A-QC NAF",3,3,5.7094441346,6518.0257556720,11.0697624032,6519.0330321360,183.0643665487,213.6528978388,30.5122612334
"W953A-QC NAF",3,4,2.2736286735,7534.3065818447,7.0357702440,7535.3138583087,68.2022049781,83.7123277446,90.0143869049
"W953A-QC NAF",3,5,0.3931467032,13671.4076304651,6.4612663138,13672.4149069291,76.5353451134,102.3642244572,133.5663409695
"W953A-QC NAF",3,6,1.6762376093,15145.3604789933,33.5228589341,15146.3677554573,986.0299905721,35.7928841788,423.1670093924
"W953A-QC NAF",3,7,1.8952424650,16093.9971578732,40.7724845438,16095.0044343372,1902.8676747332,16.8104670186,957.4394581959
"W953A-QC NAF",3,8,0.3641696015,22231.1831972768,14.0896731024,22232.1904737408,191.4166474949,34.6808176561,641.0515084797
"W953B-QCNAF",4,1,13.5042234606,3314.3228697501,9.9241949383,3315.3301462141,142.7041029863,346.2353615593,9.5753655296
"W953B-QCNAF",4,2,56.8376607384,4070.1830405279,54.4822653356,4071.1903169919,827.5572185826,375.5794779595,10.8397571111
"W953B-QCNAF",4,3,12.1845267387,4128.3965335179,11.9454789327,4129.4038099819,232.4541950303,272.9519403045,15.1286845786
"W953B-QCNAF",4,4,20.2505479423,4202.4968143468,20.4410236170,4203.5040908108,412.5977322680,328.6693450378,12.7894619753
"W953B-QCNAF",4,5,4.1589675419,5159.3883908860,6.5773023571,5160.3956673500,85.2329658597,220.3629101326,23.4177142798
"W953B-QCNAF",4,6,4.4737996417,6517.1582453755,16.4142350126,6518.1655218395,152.9689636902,223.3195489649,29.1876172599
"W953B-QCNAF",4,7,1.6612396788,7533.5672002266,7.2052761336,7534.5744766906,73.8260741057,38.9768639790,193.3088942393
"W953B-QCNAF",4,8,1.6047511710,8790.8775241942,8.8031921688,8791.8848006582,123.8366735522,147.0435179198,59.7910395850
"W953B-QCNAF",4,9,0.7665601979,13673.6170023350,13.9563150148,13674.6242787990,250.4309579833,47.9667440756,285.0855221121
"W953B-QCNAF",4,10,1.6523670334,15141.3840864594,35.6793389249,15142.3913629234,963.5328871262,20.8491467473,726.2835043794
"W953B-QCNAF",4,11,1.5117677883,15872.1570884230,35.8432026517,15873.1643648870,279.9818369543,44.8183400690,354.1667170280
"W953B-QCNAF",4,12,1.4489439176,16083.8395795304,35.3423604577,16084.8468559944,1152.6350610269,11.8054058738,1362.4984204655
"W953B-QCNAF",4,13,0.8337899577,22231.4305196267,37.9437404587,22232.4377960907,914.1987267621,36.0094760790,617.4052004348
"W955A-QC NAF",5,1,47.7592662534,4070.1016780893,36.8802882994,4071.1089545533,666.8982497827,372.1601781844,10.9391310333
"W955A-QC NAF",5,2,14.3719611433,4202.5844857349,11.6270246723,4203.5917621989,313.6979388455,309.7349318835,13.5715779187
"W955A-QC NAF",5,3,5.4525554252,5158.3904137786,6.5270040280,5159.3976902426,138.2241041835,199.9252823104,25.8066295099
"W955A-QC NAF",5,4,3.6769715989,6516.9178125644,10.8093531948,6517.9250890284,118.9806795674,247.5816156167,26.3263694794
"W955A-QC NAF",5,5,2.3991960143,6937.0754299825,7.5280171287,6938.0827064465,113.9438342130,195.2811656354,35.5286833929
"W955A-QC NAF",5,6,2.6068669830,7534.8551426837,9.0129683352,7535.8624191477,152.2434522429,34.1016867822,220.9821017733
"W955A-QC NAF",5,7,0.8221982816,13678.7176703123,10.4515848996,13679.7249467763,288.5723689022,78.7853700165,173.6328070034
"W955A-QC NAF",5,8,2.8949729563,15130.5697355896,41.1303387097,15131.5770120536,1630.3097529832,21.1863791224,714.2125100587
"W955A-QC NAF",5,9,2.1760556583,16083.6389733060,33.1572809839,16084.6462497700,2165.5315953574,12.1356485800,1325.4047481441
"W955A-QC NAF",5,10,0.9809688715,22231.6952091941,23.1299464930,22232.7024856581,1047.3056474740,38.3473000922,579.7723029319
"W955B-QCNAF",6,1,18.0420608338,4070.7253970951,17.9329536228,4071.7326735591,257.7069302127,364.1857110464,11.1803746003
"W955B-QCNAF",6,2,6.8289073031,5159.1536957801,8.7321543431,5160.1609722441,138.0310083233,368.4702666516,14.0042805058
"W955B-QCNAF",6,3,3.7367251754,6518.0160365328,7.5023458527,6519.0233129968,139.1118902380,197.9911010142,32.9258399979
"W955B-QCNAF",6,4,3.0396697633,6937.1848197553,7.2986639982,6938.1920962193,127.6569590788,182.7186386206,37.9719997292
"W955B-QCNAF",6,5,3.0232717190,7565.7724168037,10.1282567075,7566.7796932677,401.1213439450,27.8482317370,271.7149068824
"W955B-QCNAF",6,6,2.2413398421,8063.3336186346,9.7672172018,8064.3408950986,181.4532331895,25.1475941947,320.6804131110
"W955B-QCNAF",6,7,0.5416263286,11640.4384271898,6.1130221647,11641.4457036538,77.6635183379,183.5201211526,63.4341653141
"W955B-QCNAF",6,8,0.4028559281,13676.7819948513,6.0637960720,13677.7892713153,46.2297392720,91.7894497462,149.0126513356
"W955B-QCNAF",6,9,3.7790372535,15143.8090229342,62.6290887153,15144.8162993982,2386.8309374764,28.7610961873,526.5729859801
"W955B-QCNAF",6,10,3.2361710058,16087.4326368766,57.9696161681,16088.4399133406,3271.6848105829,13.9407448920,1154.0588424809
"W955B-QCNAF",6,11,0.3598633035,22240.3850638405,12.3461688810,22241.3923403045,409.0646948757,35.0740136519,634.1273787784
"W924C-QC NAF",7,1,35.8870369541,4072.3709075553,42.3490419446,4073.3781840193,695.5316642098,285.9775718286,14.2436980564
"W924C-QC NAF",7,2,10.9876093899,4131.7200825098,13.2151173405,4132.7273589738,245.3137290852,198.0038136090,20.8719583913
"W924C-QC NAF",7,3,17.5646869645,4205.8047306491,21.6403354854,4206.8120071131,476.4672839088,173.7202909791,24.2160082936
"W924C-QC NAF",7,4,3.0687939090,5698.7246430906,6.9106913615,5699.7319195546,55.9212285072,383.8701850907,14.8480714078
"W924C-QC NAF",7,5,1.4318175992,7538.8154733138,8.6467774702,7539.8227497778,128.9380034366,69.7919308512,108.0328722507
"W924C-QC NAF",7,6,0.9969563548,8799.4199274278,8.2186263586,8800.4272038918,79.0622057423,120.8519259926,72.8199168661
"W924C-QC NAF",7,7,0.6507596194,9668.5684907473,7.0298401036,9669.5757672113,33.3559972928,219.8059627998,43.9914169936
"W924C-QC NAF",7,8,0.2988134806,11645.0003791364,6.3061221664,11646.0076556004,70.8430901456,44.2142272689,263.3995520213
"W924C-QC NAF",7,9,0.3214913847,13691.1778804220,9.4389941221,13692.1851568860,113.8324741486,43.6323543896,313.8080754162
"W924C-QC NAF",7,10,1.4601140785,15168.3277645030,52.2822775943,15169.3350409670,851.4363966394,23.2179636554,653.3447664115
"W924C-QC NAF",7,11,0.9598280428,16025.8706213679,39.1721811577,16026.8778978319,931.5486141620,12.1358736417,1320.6200370097
"W924C-QC NAF",7,12,0.3308242980,22259.9130077742,25.8560814859,22260.9202842381,472.5365028169,19.1924596533,1159.8784463487
"W924D-QC NAF",8,1,42.9563955319,4072.4495325435,36.5501898146,4073.4568090075,574.4519554974,368.2634941738,11.0612560665
"W924D-QC NAF",8,2,15.7806021224,4204.8305811501,13.8001569570,4205.8378576141,311.2999666925,333.2338857460,12.6212790401
"W924D-QC NAF",8,3,0.3983535368,13676.4388790654,6.8023056159,13677.4461555294,131.7439826992,50.3521535002,271.6357733432
"W924D-QC NAF",8,4,1.7354035271,15160.4720815759,34.0800707224,15161.4793580399,1031.8461512915,22.7114053654,667.5711658560
"W924D-QC NAF",8,5,1.1863617322,16019.5292983094,25.4215301445,16020.5365747734,1114.9731334439,13.1956758731,1214.0747263558
"W924D-QC NAF",8,6,0.3949571926,22257.4435607514,12.9332330657,22258.4508372154,221.8888814826,32.9221454267,676.0935701106
"W953C-QC NAF",9,1,21.9509523843,1619.0466059397,6.1124163000,1620.0538824037,263.4362146044,132.1704651862,12.2573063515
"W953C-QC NAF",9,2,50.8932582738,4072.2281890452,53.6688093892,4073.2354655092,839.6467072072,333.8664379001,12.2001944584
"W953C-QC NAF",9,3,11.9805618612,4130.4055908029,12.8238913133,4131.4128672669,248.5123320476,246.2190086791,16.7794228782
"W953C-QC NAF",9,4,21.7983559592,4204.8199914716,23.7866813254,4205.8272679356,516.5489468841,324.9197322026,12.9442039098
"W953C-QC NAF",9,5,4.6821322666,5160.5882076737,6.6911602348,5161.5954841377,100.1095895176,203.5356031670,25.3596687942
"W953C-QC NAF",9,6,3.5290954604,6520.5960515130,8.3469500936,6521.6033279770,110.0948902562,237.7154521769,27.4344947636
"W953C-QC NAF",9,7,2.7475632836,7538.3631171432,11.7567850030,7539.3703936072,154.3559661918,46.2145132762,163.1385869749
"W953C-QC NAF",9,8,0.3515720355,13681.5749892924,7.5489336318,13682.5822657564,112.0578546640,61.4310639623,222.7306737541
"W953C-QC NAF",9,9,1.7272016691,15188.5499311541,43.5259885880,15189.5572076181,1043.7494681571,20.7375869816,732.4650269635
"W953C-QC NAF",9,10,1.0904182173,16009.3608120058,30.2294090742,16010.3680884698,990.6791309086,14.1874698640,1128.4864913837
"W953D-QC NAF",10,1,49.3143224907,4072.2501967396,52.3364657944,4073.2574732036,767.2023619566,340.0694909353,11.9777209711
"W953D-QC NAF",10,2,11.4300266238,4131.0113715405,12.3033511022,4132.0186480045,249.9440893505,211.7534612280,19.5133464362
"W953D-QC NAF",10,3,20.9154578791,4204.8647433872,22.9208572304,4205.8720198512,527.9982511019,322.7460207794,13.0315224637
"W953D-QC NAF",10,4,4.9536969971,5161.2754632010,6.9750570716,5162.2827396650,122.4762243738,218.7078229961,23.6035577921
"W953D-QC NAF",10,5,3.8358746523,5697.0130068459,6.3419177129,5698.0202833099,57.5014755645,417.7619707107,13.6393943987
"W953D-QC NAF",10,6,2.9505212777,6521.4863592654,6.5313775376,6522.4936357294,89.1889759929,223.8621512582,29.1362054687
"W953D-QC NAF",10,7,2.7305459056,7538.5237153825,9.9141270928,7539.5309918465,115.2343726929,49.0489118020,153.7145415637
"W953D-QC NAF",10,8,0.4687732463,11650.2783017522,6.2202905931,11651.2855782162,98.7584810085,121.9647484180,95.5299439333
"W953D-QC NAF",10,9,0.4994948849,13683.7829594574,10.3965176400,13684.7902359214,142.8081365509,94.9673224813,144.0999901689
"W953D-QC NAF",10,10,0.3754639025,14444.7852201099,8.4758864993,14445.7924965739,37.2400518488,162.8886529954,88.6850755466
"W953D-QC NAF",10,11,1.9813530141,15186.4461887948,48.6346708614,15187.4534652588,1247.4604217803,33.8048928465,449.2679072885
"W953D-QC NAF",10,12,1.3608072717,16043.7530685124,37.0469544831,16044.7603449764,1348.0495441254,13.0170913202,1232.5918248824
"W953D-QC NAF",10,13,0.1847017736,22362.7192194331,10.1459295012,22363.7264958971,56.5258749232,15.3462930272,1457.2722191742
"W955C-QC NAF",11,1,29.7732003858,4072.3666421576,31.0637693024,4073.3739186216,388.3622664218,399.8450884414,10.1873801539
"W955C-QC NAF",11,2,9.4005407289,4204.6987314204,10.0826287484,4205.7060078844,227.0767094875,324.9877103756,12.9411232290
"W955C-QC NAF",11,3,6.5389658547,5160.9408360811,8.6032776577,5161.9481125451,200.5492882933,379.8327354742,13.5900559126
"W955C-QC NAF",11,4,3.0760776212,6939.9141212915,6.4520706913,6940.9213977555,131.2470542474,160.4631652749,43.2555433259
"W955C-QC NAF",11,5,3.4433048541,7537.9400601047,8.8348570785,7538.9473365687,187.6753097091,40.6555816525,185.4344970639
"W955C-QC NAF",11,6,0.3867861239,13682.0668407400,6.0249745528,13683.0741172040,81.4220576470,96.4661887494,141.8432125763
"W955C-QC NAF",11,7,2.3395074028,15175.0224894780,41.1907283303,15176.0297659420,1497.8499233426,35.5944496665,426.3594439062
"W955C-QC NAF",11,8,1.6488178647,15898.8815752608,30.9120247937,15899.8888517248,1436.8001626628,11.1850339821,1421.5324582145
"W955D-QC NAF",12,1,45.3281115840,4072.3152670618,43.3274028110,4073.3225435258,672.5159630885,350.2368111913,11.6301953803
"W955D-QC NAF",12,2,10.0530302077,4131.2474919157,9.7299054261,4132.2547683797,268.5959353824,170.6457762696,24.2153943608
"W955D-QC NAF",12,3,17.4120267420,4205.3790014874,17.1205586241,4206.3862779514,420.0007762076,325.3757345069,12.9277811215
"W955D-QC NAF",12,4,5.5895721859,5161.5578389094,6.8208032306,5162.5651153734,118.2748259344,376.8865471449,13.6979288714
"W955D-QC NAF",12,5,2.5516220391,7539.9402181653,6.4653305907,7540.9474946293,109.8290191369,41.7948182499,180.4278092454
"W955D-QC NAF",12,6,0.4322192494,13686.6869745605,6.6404818593,13687.6942510245,129.4366485499,54.8056373041,249.7497506520
"W955D-QC NAF",12,7,1.8287086481,15182.7266198048,33.4058597567,15183.7338962688,1145.7876155081,19.3230966538,785.7816046942
"W955D-QC NAF",12,8,1.2046458968,16003.3102865771,24.4442414647,16004.3175630411,1224.9144498344,12.2097919352,1310.7772554999
"W955D-QC NAF",12,9,0.1479730335,22306.4147059006,6.9203524070,22307.4219823646,77.7430378617,33.8774416299,658.4742208706
"W924E-QC NAF,acquired on 7/1/02 due to instrument",13,1,7.2410454432,3983.3432398060,6.8275839432,3984.3505162700,73.2643049374,413.6360732392,9.6325025162
"W924E-QC NAF,acquired on 7/1/02 due to instrument",13,2,69.7175951148,4071.1686250850,67.8971142411,4072.1759015490,1026.1687414444,366.8723808613,11.0997069117
"W924E-QC NAF,acquired on 7/1/02 due to instrument",13,3,15.3372627471,4129.3296648709,15.2661446129,4130.3369413349,414.1712554439,290.2507960403,14.2302346718
"W924E-QC NAF,acquired on 7/1/02 due to instrument",13,4,25.8722473325,4203.6154967748,26.4926753214,4204.6227732388,614.1538269962,340.5508743114,12.3465334856
"W924E-QC NAF,acquired on 7/1/02 due to instrument",13,5,2.2070035574,6519.3810194031,9.5202279780,6520.3882958671,73.6956055698,228.4700168829,28.5393610279
"W924E-QC NAF,acquired on 7/1/02 due to instrument",13,6,1.2171327788,8579.2500333766,7.6482158705,8580.2573098406,76.7170440806,67.9938815802,126.1916088688
"W924E-QC NAF,acquired on 7/1/02 due to instrument",13,7,1.0233586592,9666.7705558939,8.1719297340,9667.7778323579,50.7094166115,223.0114504540,43.3510378623
"W924E-QC NAF,acquired on 7/1/02 due to instrument",13,8,0.8965088984,13689.4918554720,16.4734882740,13690.4991319360,385.5482014248,34.3325265870,398.7617717921
"W924E-QC NAF,acquired on 7/1/02 due to instrument",13,9,1.5113166868,15146.1124977116,32.5035598835,15147.1197741756,860.3257383438,21.7187346786,697.4218341145
"W924E-QC NAF,acquired on 7/1/02 due to instrument",13,10,1.7103426024,15878.7359071043,40.0979062263,15879.7431835683,1324.6679121106,28.7409032744,552.5137130168
"W924E-QC NAF,acquired on 7/1/02 due to instrument",13,11,0.7078363678,22223.5839440670,29.3352299087,22224.5912205310,922.2360356964,27.8118416283,799.1053421629
"W924F-QC NAF, acquired on 7/1/02 due to instrument",14,1,8.5540980146,2787.1245925111,6.2821813165,2788.1318689751,83.5587529086,299.8644894021,9.2979728094
"W924F-QC NAF, acquired on 7/1/02 due to instrument",14,2,12.6387307893,3314.3028372759,9.7466342994,3315.3101137399,136.3553407798,336.5231782363,9.8516545907
"W924F-QC NAF, acquired on 7/1/02 due to instrument",14,3,61.3607351724,4069.9742076589,61.4377331349,4070.9814841229,1001.5190562674,330.2821442233,12.3257692107
"W924F-QC NAF, acquired on 7/1/02 due to instrument",14,4,16.3853693675,4128.3220343683,16.7728546741,4129.3293108323,480.6256554640,277.9999948179,14.8537028338
"W924F-QC NAF, acquired on 7/1/02 due to instrument",14,5,27.2411090799,4202.7647374086,28.6978597193,4203.7720138726,667.5392860715,335.8225940691,12.5178355719
"W924F-QC NAF, acquired on 7/1/02 due to instrument",14,6,9.2854963488,4349.3944942501,10.3697339987,4350.4017707141,167.9773986983,262.6212968486,16.5653045770
"W924F-QC NAF, acquired on 7/1/02 due to instrument",14,7,2.6248037474,6517.6267087236,11.9004803413,6518.6339851876,82.9655961804,234.1938123461,27.8343561680
"W924F-QC NAF, acquired on 7/1/02 due to instrument",14,8,1.6064067452,8632.1455768209,11.0143443906,8633.1528532849,102.3800500462,61.4422665774,140.5083720733
"W924F-QC NAF, acquired on 7/1/02 due to instrument",14,9,0.9636688768,9662.8371966375,8.4876450679,9663.8444731015,49.8940894126,211.5655617842,45.6777766268
"W924F-QC NAF, acquired on 7/1/02 due to instrument",14,10,0.7077205927,13692.1506259503,15.8694381400,13693.1579024143,320.7495372468,30.9635834573,442.2342756711
"W924F-QC NAF, acquired on 7/1/02 due to instrument",14,11,1.5268498708,15140.7756884576,37.9666481412,15141.7829649216,863.2177735704,22.1217356497,684.4753596516
"W924F-QC NAF, acquired on 7/1/02 due to instrument",14,12,1.6746623341,15872.1164673837,43.9742363101,15873.1237438477,1296.7631891382,26.7958019206,592.3735289165
"W924F-QC NAF, acquired on 7/1/02 due to instrument",14,13,0.6426964056,22223.5662241243,40.7702478024,22224.5735005883,858.8012425067,31.6792829844,701.5491326470
"W953E-QC NAF, lab coat touch the spot and cause BB",15,1,21.3110808579,4071.4742663471,19.3107405181,4072.4815428111,292.9966102693,364.5912344362,11.1699930173
"W953E-QC NAF, lab coat touch the spot and cause BB",15,2,6.1649575040,5159.8125996210,7.3423826673,5160.8198760850,157.8051598653,383.0527742771,13.4728690735
"W953E-QC NAF, lab coat touch the spot and cause BB",15,3,5.2741340440,6520.4432751909,9.0167978368,6521.4505516549,190.2905767596,201.9183150730,32.2974691488
"W953E-QC NAF, lab coat touch the spot and cause BB",15,4,2.8815902210,11762.5493632623,25.7536438014,11763.5566397263,728.5296809448,110.1255458829,106.8195080934
"W953E-QC NAF, lab coat touch the spot and cause BB",15,5,2.4511640863,14693.8886189982,36.4005996105,14694.8958954622,331.0668415757,155.3529858680,94.5903666631
"W953E-QC NAF, lab coat touch the spot and cause BB",15,6,1.3285674732,15157.1030209018,20.5881250426,15158.1102973658,962.2452448623,32.2564767613,469.9245490932
"W953E-QC NAF, lab coat touch the spot and cause BB",15,7,1.0820225288,15893.9478948134,17.9885720166,15894.9551712774,963.8474893480,12.4536547344,1276.3285565830
"W953E-QC NAF, lab coat touch the spot and cause BB",15,8,0.1997843726,22306.4438351186,8.3449366031,22307.4511115826,77.4419520211,70.7058526521,315.4965292809
"W953F-QC NAF, acquired on 7/1/02 due to instrument",16,1,40.8670826277,4071.1532882414,36.9229894977,4072.1605647054,629.9875341588,355.2201055678,11.4637671147
"W953F-QC NAF, acquired on 7/1/02 due to instrument",16,2,10.1601083443,4129.7795393254,9.2997834385,4130.7868157894,136.6472507708,276.3384720530,14.9482870955
"W953F-QC NAF, acquired on 7/1/02 due to instrument",16,3,13.9863334048,4203.6354813084,13.0151077215,4204.6427577724,297.4189194482,309.0380118922,13.6055844135
"W953F-QC NAF, acquired on 7/1/02 due to instrument",16,4,0.9918942962,15155.8658378004,25.4824068906,15156.8731142644,548.0287958937,22.0665968098,686.8695361100
"W953F-QC NAF, acquired on 7/1/02 due to instrument",16,5,0.7797114461,15879.7670623426,21.1631827190,15880.7743388066,634.8114588374,14.9053988189,1065.4377337865
"W953F-QC NAF, acquired on 7/1/02 due to instrument",16,6,0.2855391157,22268.9669683164,14.5818124187,22269.9742447804,455.3940440877,14.1106081723,1578.2434019052
"W955E-QC NAF, acquired on 7/1/02 due to instrument",17,1,9.7303131379,3314.5963129048,6.2093466870,3315.6035893688,99.1513369544,340.2372923720,9.7449740628
"W955E-QC NAF, acquired on 7/1/02 due to instrument",17,2,55.9616254128,4070.9793414690,44.9343752008,4071.9866179330,797.5188202924,376.4553758605,10.8166515317
"W955E-QC NAF, acquired on 7/1/02 due to instrument",17,3,11.5149777504,4129.1915058730,9.4558946957,4130.1987823370,170.7150491711,272.7829348247,15.1409720150
"W955E-QC NAF, acquired on 7/1/02 due to instrument",17,4,19.1976463380,4203.1987616263,16.2296728122,4204.2060380903,399.5762552152,312.1266335879,13.4695523729
"W955E-QC NAF, acquired on 7/1/02 due to instrument",17,5,6.0541140898,6519.4120863207,23.2591747626,6520.4193627847,320.2349001184,203.0635469451,32.1102406654
"W955E-QC NAF, acquired on 7/1/02 due to instrument",17,6,2.0190413922,8576.6338716792,10.5133663292,8577.6411481432,190.7910826155,200.9800629985,42.6790648792
"W955E-QC NAF, acquired on 7/1/02 due to instrument",17,7,0.7384026641,13681.7223136182,13.0001533578,13682.7295900822,310.3551507312,46.7038841824,292.9677012869
"W955E-QC NAF, acquired on 7/1/02 due to instrument",17,8,1.7014066110,15154.7706720123,35.5913884347,15155.7779484763,919.3578785351,21.4707957679,705.8787253311
"W955E-QC NAF, acquired on 7/1/02 due to instrument",17,9,1.9981350685,15880.0143198777,45.8979175997,15881.0215963417,1685.4514445268,25.9864956907,611.1259396185
"W955E-QC NAF, acquired on 7/1/02 due to instrument",17,10,0.7317309554,22228.2361079682,35.4852588374,22229.2433844322,844.5186464093,35.5405882804,625.4607607808
"W955F-QC NAF, acquired on 7/1/02 due to instrument",18,1,53.3779074525,4070.4912180938,43.3560392912,4071.4984945578,811.8643814065,346.6475674973,11.7453542915
"W955F-QC NAF, acquired on 7/1/02 due to instrument",18,2,10.7364563350,4128.4406655588,8.8699110802,4129.4479420228,165.8200576433,265.5962502113,15.5478397708
"W955F-QC NAF, acquired on 7/1/02 due to instrument",18,3,19.8444409974,4202.5692449720,16.7585486331,4203.5765214360,460.5924695942,328.3436135475,12.8023702853
"W955F-QC NAF, acquired on 7/1/02 due to instrument",18,4,5.7856362265,5158.9855198942,6.7032696459,5159.9927963582,145.8190344414,194.2796060726,26.5596214686
"W955F-QC NAF, acquired on 7/1/02 due to instrument",18,5,1.9593660671,7535.1456857571,8.1823949067,7536.1529622211,113.2967219089,70.0943488306,107.5144157546
"W955F-QC NAF, acquired on 7/1/02 due to instrument",18,6,1.8861782721,8793.7398976829,9.8035685099,8794.7471741469,154.7159780528,130.6268649780,67.3272467775
"W955F-QC NAF, acquired on 7/1/02 due to instrument",18,7,0.9256883133,13677.2144184953,13.3632892483,13678.2216949593,376.4127801846,42.3175273400,323.2282828117
"W955F-QC NAF, acquired on 7/1/02 due to instrument",18,8,1.9242202558,15137.0185663272,34.3691306132,15138.0258427912,984.9130877456,22.7368382748,665.7929154355
"W955F-QC NAF, acquired on 7/1/02 due to instrument",18,9,2.1876870460,15873.8874074763,44.1754531674,15874.8946839403,1795.9781562963,26.3844698981,601.6757109485
"W955F-QC NAF, acquired on 7/1/02 due to instrument",18,10,0.8666173479,22201.9556269746,32.6591600567,22202.9629034386,978.5681265862,35.8400943933,619.5006815495
"W924G-QC NAF",19,1,13.0103554414,2475.3778207283,6.7952414013,2476.3850971923,283.6700657907,105.4715854010,23.4791682307
"W924G-QC NAF",19,2,25.0189564925,4070.1426447816,24.3308648292,4071.1499212456,496.0596910460,277.5207960104,14.6697111704
"W924G-QC NAF",19,3,13.4953178831,4202.8812503987,13.6274136764,4203.8885268627,328.8158269535,263.7631386961,15.9381198891
"W924G-QC NAF",19,4,3.9856799054,5536.8923185716,6.2575247748,5537.8995950356,77.4503415572,370.3549985246,14.9529495136
"W924G-QC NAF",19,5,2.5701652971,6517.1884029018,6.3737437037,6518.1956793658,78.1807403554,224.2822556738,29.0624671122
"W924G-QC NAF",19,6,0.7971531056,8566.7289319088,6.8622145352,8567.7362083728,43.3472672982,188.9369667075,45.3470612855
"W924G-QC NAF",19,7,0.9516365831,8786.2096875943,8.6581578242,8787.2169640583,79.8955073355,133.8858603096,65.6321507270
"W924G-QC NAF",19,8,0.2141395628,13681.1114045279,6.9340031262,13682.1186809919,78.3558193150,44.1426899475,309.9520826047
"W924G-QC NAF",19,9,0.2730991329,14435.7928792366,9.5816426502,14436.8001557006,28.9709199442,203.9606525356,70.7822806812
"W924G-QC NAF",19,10,0.6501757201,15155.0835500155,24.7304731058,15156.0908264795,390.4053680684,35.8646586851,422.5912467073
"W924G-QC NAF",19,11,0.6270937488,15885.6091843558,26.0240689175,15886.6164608198,590.1907448468,12.4537073596,1275.6535866816
"W924G-QC NAF",19,12,0.2192795868,22282.4088668491,17.6290385527,22283.4161433131,389.9981897483,12.5348484192,1777.7172406198
"W924H-QC NAF",20,1,12.5725407995,2473.9115633875,6.0787552525,2474.9188398515,202.2088064714,132.4726700865,18.6824862686
"W924H-QC NAF",20,2,26.9088183689,4068.9065962304,36.3612998029,4069.9138726944,547.9657309178,263.1008805150,15.4690241429
"W924H-QC NAF",20,3,9.1451472714,4126.6718873000,12.5604795816,4127.6791637640,279.3864907515,160.3621999307,25.7397264788
"W924H-QC NAF",20,4,13.7892429313,4201.1447263030,19.3451735400,4202.1520027670,371.1785637621,180.0011629612,23.3451380738
"W924H-QC NAF",20,5,3.0834306486,5534.1291926557,6.7243807720,5535.1364691197,61.5690349115,326.9516269756,16.9295272219
"W924H-QC NAF",20,6,0.9007244166,7531.6541060567,7.0204724552,7532.6613825207,35.1038273064,55.5933802135,135.4956535038
"W924H-QC NAF",20,7,0.2354841954,13679.8282466155,8.0920012411,13680.8355230795,75.4059082512,46.3407104681,295.2228264284
"W924H-QC NAF",20,8,0.8877675184,15152.9102718244,34.5120287315,15153.9175482884,503.7994582127,21.1035785802,718.0733585410
"W924H-QC NAF",20,9,0.7440168832,15874.6674885336,30.8361510270,15875.6747649976,657.7687499886,12.4600325444,1274.1278731357
"W924H-QC NAF",20,10,0.1794955140,22255.6438161050,13.8752421056,22256.6510925690,230.7718131042,18.2514644523,1219.4446725515
"W953G-QC NAF",21,1,20.9593640875,4071.0006024204,23.9714642195,4072.0078788844,398.8067633598,287.8383856589,14.1468549081
"W953G-QC NAF",21,2,8.6418909269,4203.7130289932,10.2280840322,4204.7203054572,203.3317642941,196.5163182024,21.3962908725
"W953G-QC NAF",21,3,0.4772124442,15163.1124285929,16.9179348531,15164.1197050569,273.8972125562,25.1477108865,603.0019898618
"W953G-QC NAF",21,4,0.4657231303,15884.8488372360,18.3078089728,15885.8561137000,402.1423652740,20.5829952313,771.7951607718
"W953G-QC NAF",21,5,0.1508940201,22289.4030960327,12.0875724058,22290.4103724967,253.8458872150,13.3930982606,1664.3206776197
"W953H-QC NAF",22,1,33.5344329748,4068.4575283897,35.0886905064,4069.4648048537,596.7562787849,307.4319128836,13.2369628341
"W953H-QC NAF",22,2,9.1180681593,4126.7482343693,9.6761011079,4127.7555108333,141.1680123096,231.1622449213,17.8565297817
"W953H-QC NAF",22,3,15.5899739911,4200.9764106135,16.8462494782,4201.9836870775,361.9621558767,316.0685534726,13.2945325972
"W953H-QC NAF",22,4,0.2468500854,13677.5349514835,7.2005534378,13678.5422279475,81.6985984242,42.4976728804,321.8656764207
"W953H-QC NAF",22,5,0.5634272824,15136.1222775075,23.0766618374,15137.1295539715,298.0178797563,26.1165382345,579.5993871041
"W953H-QC NAF",22,6,0.4826290464,15880.4293298767,20.8540339052,15881.4366063407,382.9123974557,23.5980857320,672.9968179063
"W953H-QC NAF",22,7,0.2076652822,22232.6399363760,14.7101115552,22233.6472128400,275.2889929517,17.6831435503,1257.3356739200
"W955G-QC NAF",23,1,12.1212415429,2475.9723385891,6.0161286239,2476.9796150531,205.4995153878,92.7858682715,26.6956559355
"W955G-QC NAF",23,2,10.1286023421,2702.1614394960,6.1657766382,2703.1687159600,137.8723763310,202.8195700884,13.3279481599
"W955G-QC NAF",23,3,14.9983818905,4071.7871773572,17.9686896878,4072.7944538212,284.7714707919,296.6442183459,13.7295595260
"W955G-QC NAF",23,4,6.2674172782,4204.6870723838,7.7315152029,4205.6943488478,154.5343099535,158.5576767662,26.5246970984
"W955G-QC NAF",23,5,3.7299299515,6529.5652128791,8.5248789295,6530.5724893431,184.3489776380,144.7015982672,45.1313086210
"W955G-QC NAF",23,6,0.2242572255,13696.2247483671,6.7331354365,13697.2320248311,80.4201593004,35.6575939822,384.1322561379
"W955G-QC NAF",23,7,0.4961847169,16018.8015201005,18.4980604398,16019.8087965645,463.2192717623,9.6545895532,1659.2946503187
"W955H-QC NAF",24,1,12.9780628878,4070.0131457240,13.8548980223,4071.0204221880,170.6644032217,359.6145034522,11.3205123350
"W955H-QC NAF",24,2,3.2804776283,6517.3717614780,7.1142695181,6518.3790379420,114.6797174976,184.1176118222,35.4033434033
"W955H-QC NAF",24,3,0.6049309033,16098.2828453429,20.4988096689,16099.2901218069,893.7459966889,9.7520912316,1650.8551591051
